S05,Goa,1,Mandrem,constituencywisesS051.htm
S05,Goa,2,Pernem,constituencywisesS062.htm
S05,Goa,3,Bicholim,constituencywisesS073.htm
S05,Goa,4,Tivim,constituencywisesS084.htm
S05,Goa,5,Mapusa,constituencywisesS095.htm
S05,Goa,6,Siolim,constituencywisesS106.htm
S05,Goa,7,Saligao,constituencywisesS117.htm
S05,Goa,8,Calangute,constituencywisesS128.htm
S05,Goa,9,Porvorim,constituencywisesS139.htm
S05,Goa,10,Aldona,constituencywisesS1410.htm
S05,Goa,11,Panaji,constituencywisesS1511.htm
S05,Goa,12,Taleigao,constituencywisesS1612.htm
S05,Goa,13,St.Cruz,constituencywisesS1713.htm
S05,Goa,14,St.Andre,constituencywisesS1814.htm
S05,Goa,15,Cumbarjua,constituencywisesS1915.htm
S05,Goa,16,Maem,constituencywisesS2016.htm
S05,Goa,17,Sanquelim,constituencywisesS2117.htm
S05,Goa,18,Poriem,constituencywisesS2218.htm
S05,Goa,19,Valpoi,constituencywisesS2319.htm
S05,Goa,20,Priol,constituencywisesS2420.htm
S05,Goa,21,Ponda,constituencywisesS2521.htm
S05,Goa,22,Siroda,constituencywisesS2622.htm
S05,Goa,23,Marcaim,constituencywisesS2723.htm
S05,Goa,24,Mormugao,constituencywisesS2824.htm
S05,Goa,25,Vasco-da-gama,constituencywisesS2925.htm
S05,Goa,26,Dabolim,constituencywisesS3026.htm
S05,Goa,27,Cortalim,constituencywisesS3127.htm
S05,Goa,28,Nuvem,constituencywisesS3228.htm
S05,Goa,29,Curtorim,constituencywisesS3329.htm
S05,Goa,30,Fatorda,constituencywisesS3430.htm
S05,Goa,31,Margao,constituencywisesS3531.htm
S05,Goa,32,Benaulim,constituencywisesS3632.htm
S05,Goa,33,Navelim,constituencywisesS3733.htm
S05,Goa,34,Cuncolim,constituencywisesS3834.htm
S05,Goa,35,Velim,constituencywisesS3935.htm
S05,Goa,36,Quepem,constituencywisesS4036.htm
S05,Goa,37,Curchorem,constituencywisesS4137.htm
S05,Goa,38,Sanvordem,constituencywisesS4238.htm
S05,Goa,39,Sanguem,constituencywisesS4339.htm
S05,Goa,40,Canacona,constituencywisesS4440.htm
S14,Manipur,7,Andro,constituencywisesS147.htm
S14,Manipur,26,Bishnupur,constituencywisesS1426.htm
S14,Manipur,41,Chandel(st),constituencywisesS1441.htm
S14,Manipur,45,Chingai(st),constituencywisesS1445.htm
S14,Manipur,58,Churachandpur(ST),constituencywisesS1458.htm
S14,Manipur,2,Heingang(GEN),constituencywisesS142.htm
S14,Manipur,33,Heirok,constituencywisesS1433.htm
S14,Manipur,57,Henglep(ST),constituencywisesS1457.htm
S14,Manipur,38,Hiyanglam,constituencywisesS1438.htm
S14,Manipur,40,Jiribam,constituencywisesS1440.htm
S14,Manipur,37,Kakching,constituencywisesS1437.htm
S14,Manipur,50,Kangpokpi(Gen),constituencywisesS1450.htm
S14,Manipur,47,Karong(st),constituencywisesS1447.htm
S14,Manipur,6,Keirao,constituencywisesS146.htm
S14,Manipur,12,Keishamthong,constituencywisesS1412.htm
S14,Manipur,35,Khangabok,constituencywisesS1435.htm
S14,Manipur,1,Khundrakpam(GEN),constituencywisesS141.htm
S14,Manipur,3,Khurai(GEN),constituencywisesS143.htm
S14,Manipur,18,Konthoujam,constituencywisesS1418.htm
S14,Manipur,4,Kshetrigao,constituencywisesS144.htm
S14,Manipur,29,Kumbi,constituencywisesS1429.htm
S14,Manipur,8,Lamlai,constituencywisesS148.htm
S14,Manipur,17,Lamsang,constituencywisesS1417.htm
S14,Manipur,20,Langthabal,constituencywisesS1420.htm
S14,Manipur,30,Lilong,constituencywisesS1430.htm
S14,Manipur,48,Mao(st),constituencywisesS1448.htm
S14,Manipur,23,Mayangimphal,constituencywisesS1423.htm
S14,Manipur,27,Moirang,constituencywisesS1427.htm
S14,Manipur,24,Nambol,constituencywisesS1424.htm
S14,Manipur,21,Naoriyapakhanglakpa,constituencywisesS1421.htm
S14,Manipur,54,Nungba(ST),constituencywisesS1454.htm
S14,Manipur,25,Oinam,constituencywisesS1425.htm
S14,Manipur,19,Patsoi,constituencywisesS1419.htm
S14,Manipur,43,Phungyar(st),constituencywisesS1443.htm
S14,Manipur,11,Sagolband,constituencywisesS1411.htm
S14,Manipur,59,Saikot(ST),constituencywisesS1459.htm
S14,Manipur,46,Saikul(st),constituencywisesS1446.htm
S14,Manipur,51,Saitu(ST),constituencywisesS1451.htm
S14,Manipur,16,Sekmai,constituencywisesS1416.htm
S14,Manipur,60,Singhat(ST),constituencywisesS1460.htm
S14,Manipur,13,Singjamei,constituencywisesS1413.htm
S14,Manipur,39,Sugnu,constituencywisesS1439.htm
S14,Manipur,49,Tadubi(st),constituencywisesS1449.htm
S14,Manipur,52,Tamei(ST),constituencywisesS1452.htm
S14,Manipur,53,Tamenglong(ST),constituencywisesS1453.htm
S14,Manipur,42,Tengnoupal(st),constituencywisesS1442.htm
S14,Manipur,28,Thanga,constituencywisesS1428.htm
S14,Manipur,9,Thangmeiband,constituencywisesS149.htm
S14,Manipur,56,Thanlon(ST),constituencywisesS1456.htm
S14,Manipur,5,Thongju,constituencywisesS145.htm
S14,Manipur,31,Thoubal,constituencywisesS1431.htm
S14,Manipur,55,Tipaimukh(st),constituencywisesS1455.htm
S14,Manipur,44,Ukhrul(st),constituencywisesS1444.htm
S14,Manipur,10,Uripok,constituencywisesS1410.htm
S14,Manipur,36,Wabgai,constituencywisesS1436.htm
S14,Manipur,34,Wangjingtentha,constituencywisesS1434.htm
S14,Manipur,15,Wangkhei,constituencywisesS1415.htm
S14,Manipur,32,Wangkhem,constituencywisesS1432.htm
S14,Manipur,22,Wangoi,constituencywisesS1422.htm
S14,Manipur,14,Yaiskul,constituencywisesS1414.htm
S19,Punjab,81,Abohar,constituencywisesS1981.htm
S19,Punjab,38,Adampur,constituencywisesS1938.htm
S19,Punjab,11,Ajnala,constituencywisesS1911.htm
S19,Punjab,106,Amargarh,constituencywisesS19106.htm
S19,Punjab,56,Amloh,constituencywisesS1956.htm
S19,Punjab,17,AmritsarCentral,constituencywisesS1917.htm
S19,Punjab,18,AmritsarEast,constituencywisesS1918.htm
S19,Punjab,15,AmritsarNorth,constituencywisesS1915.htm
S19,Punjab,19,AmritsarSouth,constituencywisesS1919.htm
S19,Punjab,16,AmritsarWest,constituencywisesS1916.htm
S19,Punjab,49,AnandpurSahib,constituencywisesS1949.htm
S19,Punjab,62,AtamNagar,constituencywisesS1962.htm
S19,Punjab,20,Attari,constituencywisesS1920.htm
S19,Punjab,25,BabaBakala,constituencywisesS1925.htm
S19,Punjab,48,Balachaur,constituencywisesS1948.htm
S19,Punjab,82,Balluana,constituencywisesS1982.htm
S19,Punjab,46,Banga,constituencywisesS1946.htm
S19,Punjab,103,Barnala,constituencywisesS19103.htm
S19,Punjab,54,BassiPathana,constituencywisesS1954.htm
S19,Punjab,7,Batala,constituencywisesS197.htm
S19,Punjab,93,BathindaRural,constituencywisesS1993.htm
S19,Punjab,92,BathindaUrban,constituencywisesS1992.htm
S19,Punjab,102,Bhadaur,constituencywisesS19102.htm
S19,Punjab,72,BhaghaPurana,constituencywisesS1972.htm
S19,Punjab,2,Bhoa,constituencywisesS192.htm
S19,Punjab,26,Bholath,constituencywisesS1926.htm
S19,Punjab,91,BhuchoMandi,constituencywisesS1991.htm
S19,Punjab,98,Budhlada,constituencywisesS1998.htm
S19,Punjab,44,Chabbewal,constituencywisesS1944.htm
S19,Punjab,51,ChamkaurSahib,constituencywisesS1951.htm
S19,Punjab,68,Dakha,constituencywisesS1968.htm
S19,Punjab,40,Dasuya,constituencywisesS1940.htm
S19,Punjab,10,DeraBabaNanak,constituencywisesS1910.htm
S19,Punjab,112,DeraBassi,constituencywisesS19112.htm
S19,Punjab,74,Dharamkot,constituencywisesS1974.htm
S19,Punjab,107,Dhuri,constituencywisesS19107.htm
S19,Punjab,5,DinaNagar,constituencywisesS195.htm
S19,Punjab,100,Dirba,constituencywisesS19100.htm
S19,Punjab,87,Faridkot,constituencywisesS1987.htm
S19,Punjab,9,FatehgarhChurian,constituencywisesS199.htm
S19,Punjab,55,FatehgarhSahib,constituencywisesS1955.htm
S19,Punjab,80,Fazilka,constituencywisesS1980.htm
S19,Punjab,76,FirozpurCity,constituencywisesS1976.htm
S19,Punjab,77,FirozpurRural,constituencywisesS1977.htm
S19,Punjab,45,Garhshankar,constituencywisesS1945.htm
S19,Punjab,113,Ghanaur,constituencywisesS19113.htm
S19,Punjab,84,Gidderbaha,constituencywisesS1984.htm
S19,Punjab,66,Gill,constituencywisesS1966.htm
S19,Punjab,4,Gurdaspur,constituencywisesS194.htm
S19,Punjab,78,GuruHarSahai,constituencywisesS1978.htm
S19,Punjab,43,Hoshiarpur,constituencywisesS1943.htm
S19,Punjab,70,Jagraon,constituencywisesS1970.htm
S19,Punjab,89,Jaitu,constituencywisesS1989.htm
S19,Punjab,79,Jalalabad,constituencywisesS1979.htm
S19,Punjab,37,JalandharCantt.,constituencywisesS1937.htm
S19,Punjab,35,JalandharCentral,constituencywisesS1935.htm
S19,Punjab,36,JalandharNorth,constituencywisesS1936.htm
S19,Punjab,34,JalandharWest,constituencywisesS1934.htm
S19,Punjab,14,Jandiala,constituencywisesS1914.htm
S19,Punjab,27,Kapurthala,constituencywisesS1927.htm
S19,Punjab,33,Kartarpur,constituencywisesS1933.htm
S19,Punjab,24,KhadoorSahib,constituencywisesS1924.htm
S19,Punjab,57,Khanna,constituencywisesS1957.htm
S19,Punjab,52,Kharar,constituencywisesS1952.htm
S19,Punjab,22,KhemKaran,constituencywisesS1922.htm
S19,Punjab,88,Kotkapura,constituencywisesS1988.htm
S19,Punjab,83,Lambi,constituencywisesS1983.htm
S19,Punjab,99,Lehra,constituencywisesS1999.htm
S19,Punjab,63,LudhianaCentral,constituencywisesS1963.htm
S19,Punjab,60,LudhianaEast,constituencywisesS1960.htm
S19,Punjab,65,LudhianaNorth,constituencywisesS1965.htm
S19,Punjab,61,LudhianaSouth,constituencywisesS1961.htm
S19,Punjab,64,LudhianaWest,constituencywisesS1964.htm
S19,Punjab,13,Majitha,constituencywisesS1913.htm
S19,Punjab,105,Malerkotla,constituencywisesS19105.htm
S19,Punjab,85,Malout,constituencywisesS1985.htm
S19,Punjab,96,Mansa,constituencywisesS1996.htm
S19,Punjab,95,Maur,constituencywisesS1995.htm
S19,Punjab,104,MehalKalan,constituencywisesS19104.htm
S19,Punjab,73,Moga,constituencywisesS1973.htm
S19,Punjab,39,Mukerian,constituencywisesS1939.htm
S19,Punjab,86,Muktsar,constituencywisesS1986.htm
S19,Punjab,109,Nabha,constituencywisesS19109.htm
S19,Punjab,31,Nakodar,constituencywisesS1931.htm
S19,Punjab,47,Nawanshahr,constituencywisesS1947.htm
S19,Punjab,71,NihalSinghwala,constituencywisesS1971.htm
S19,Punjab,3,Pathankot,constituencywisesS193.htm
S19,Punjab,115,Patiala,constituencywisesS19115.htm
S19,Punjab,110,PatialaRural,constituencywisesS19110.htm
S19,Punjab,23,Patti,constituencywisesS1923.htm
S19,Punjab,67,Payal,constituencywisesS1967.htm
S19,Punjab,29,Phagwara,constituencywisesS1929.htm
S19,Punjab,30,Phillaur,constituencywisesS1930.htm
S19,Punjab,6,Qadian,constituencywisesS196.htm
S19,Punjab,69,Raikot,constituencywisesS1969.htm
S19,Punjab,12,RajaSansi,constituencywisesS1912.htm
S19,Punjab,111,Rajpura,constituencywisesS19111.htm
S19,Punjab,90,RampuraPhul,constituencywisesS1990.htm
S19,Punjab,50,Rupnagar,constituencywisesS1950.htm
S19,Punjab,53,S.A.S.Nagar,constituencywisesS1953.htm
S19,Punjab,59,Sahnewal,constituencywisesS1959.htm
S19,Punjab,116,Samana,constituencywisesS19116.htm
S19,Punjab,58,Samrala,constituencywisesS1958.htm
S19,Punjab,108,Sangrur,constituencywisesS19108.htm
S19,Punjab,114,Sanour,constituencywisesS19114.htm
S19,Punjab,97,Sardulgarh,constituencywisesS1997.htm
S19,Punjab,32,Shahkot,constituencywisesS1932.htm
S19,Punjab,42,ShamChaurasi,constituencywisesS1942.htm
S19,Punjab,117,Shutrana,constituencywisesS19117.htm
S19,Punjab,8,SriHargobindpur,constituencywisesS198.htm
S19,Punjab,1,Sujanpur,constituencywisesS191.htm
S19,Punjab,28,SultanpurLodhi,constituencywisesS1928.htm
S19,Punjab,101,Sunam,constituencywisesS19101.htm
S19,Punjab,94,TalwandiSabo,constituencywisesS1994.htm
S19,Punjab,21,TarnTaran,constituencywisesS1921.htm
S19,Punjab,41,Urmar,constituencywisesS1941.htm
S19,Punjab,75,Zira,constituencywisesS1975.htm
S24,UttarPradesh,87,AgraCantt.,constituencywisesS2487.htm
S24,UttarPradesh,89,AgraNorth,constituencywisesS2489.htm
S24,UttarPradesh,90,AgraRural,constituencywisesS2490.htm
S24,UttarPradesh,88,AgraSouth,constituencywisesS2488.htm
S24,UttarPradesh,385,Ajagara,constituencywisesS24385.htm
S24,UttarPradesh,281,Akbarpur,constituencywisesS24281.htm
S24,UttarPradesh,206,Akbarpur-Raniya,constituencywisesS24206.htm
S24,UttarPradesh,279,Alapur,constituencywisesS24279.htm
S24,UttarPradesh,103,Aliganj,constituencywisesS24103.htm
S24,UttarPradesh,76,Aligarh,constituencywisesS2476.htm
S24,UttarPradesh,262,AllahabadNorth,constituencywisesS24262.htm
S24,UttarPradesh,263,AllahabadSouth,constituencywisesS24263.htm
S24,UttarPradesh,261,AllahabadWest,constituencywisesS24261.htm
S24,UttarPradesh,101,Amanpur,constituencywisesS24101.htm
S24,UttarPradesh,186,Amethi,constituencywisesS24186.htm
S24,UttarPradesh,193,Amritpur,constituencywisesS24193.htm
S24,UttarPradesh,41,Amroha,constituencywisesS2441.htm
S24,UttarPradesh,67,Anupshahr,constituencywisesS2467.htm
S24,UttarPradesh,126,Aonla,constituencywisesS24126.htm
S24,UttarPradesh,214,AryaNagar,constituencywisesS24214.htm
S24,UttarPradesh,32,Asmoli,constituencywisesS2432.htm
S24,UttarPradesh,73,Atrauli,constituencywisesS2473.htm
S24,UttarPradesh,343,Atrauliya,constituencywisesS24343.htm
S24,UttarPradesh,394,Aurai,constituencywisesS24394.htm
S24,UttarPradesh,204,Auraiya,constituencywisesS24204.htm
S24,UttarPradesh,241,AyahShah,constituencywisesS24241.htm
S24,UttarPradesh,275,Ayodhya,constituencywisesS24275.htm
S24,UttarPradesh,347,Azamgarh,constituencywisesS24347.htm
S24,UttarPradesh,245,Babaganj,constituencywisesS24245.htm
S24,UttarPradesh,233,Baberu,constituencywisesS24233.htm
S24,UttarPradesh,222,Babina,constituencywisesS24222.htm
S24,UttarPradesh,177,Bachhrawan,constituencywisesS24177.htm
S24,UttarPradesh,115,Badaun,constituencywisesS24115.htm
S24,UttarPradesh,364,Badlapur,constituencywisesS24364.htm
S24,UttarPradesh,52,Baghpat,constituencywisesS2452.htm
S24,UttarPradesh,94,Bah,constituencywisesS2494.htm
S24,UttarPradesh,118,Baheri,constituencywisesS24118.htm
S24,UttarPradesh,286,Bahraich,constituencywisesS24286.htm
S24,UttarPradesh,363,Bairia,constituencywisesS24363.htm
S24,UttarPradesh,169,BakshiKaaTalab,constituencywisesS24169.htm
S24,UttarPradesh,160,Balamau,constituencywisesS24160.htm
S24,UttarPradesh,85,Baldev,constituencywisesS2485.htm
S24,UttarPradesh,282,BALHA(S.C.),constituencywisesS24282.htm
S24,UttarPradesh,361,BalliaNagar,constituencywisesS24361.htm
S24,UttarPradesh,294,Balrampur,constituencywisesS24294.htm
S24,UttarPradesh,235,Banda,constituencywisesS24235.htm
S24,UttarPradesh,162,Bangermau,constituencywisesS24162.htm
S24,UttarPradesh,362,Bansdih,constituencywisesS24362.htm
S24,UttarPradesh,327,Bansgaon,constituencywisesS24327.htm
S24,UttarPradesh,304,Bansi,constituencywisesS24304.htm
S24,UttarPradesh,264,Bara,constituencywisesS24264.htm
S24,UttarPradesh,268,Barabanki,constituencywisesS24268.htm
S24,UttarPradesh,72,Barauli,constituencywisesS2472.htm
S24,UttarPradesh,51,Baraut,constituencywisesS2451.htm
S24,UttarPradesh,124,Bareilly,constituencywisesS24124.htm
S24,UttarPradesh,125,BareillyCantt.,constituencywisesS24125.htm
S24,UttarPradesh,342,Barhaj,constituencywisesS24342.htm
S24,UttarPradesh,19,Barhapur,constituencywisesS2419.htm
S24,UttarPradesh,128,Barkhera,constituencywisesS24128.htm
S24,UttarPradesh,310,BastiSadar,constituencywisesS24310.htm
S24,UttarPradesh,1,Behat,constituencywisesS241.htm
S24,UttarPradesh,357,BeltharaRoad,constituencywisesS24357.htm
S24,UttarPradesh,392,Bhadohi,constituencywisesS24392.htm
S24,UttarPradesh,166,Bhagwantnagar,constituencywisesS24166.htm
S24,UttarPradesh,201,Bharthana,constituencywisesS24201.htm
S24,UttarPradesh,340,BhatparRani,constituencywisesS24340.htm
S24,UttarPradesh,289,Bhinga,constituencywisesS24289.htm
S24,UttarPradesh,208,Bhognipur,constituencywisesS24208.htm
S24,UttarPradesh,120,Bhojipura,constituencywisesS24120.htm
S24,UttarPradesh,195,Bhojpur,constituencywisesS24195.htm
S24,UttarPradesh,108,Bhongaon,constituencywisesS24108.htm
S24,UttarPradesh,202,Bidhuna,constituencywisesS24202.htm
S24,UttarPradesh,22,Bijnor,constituencywisesS2422.htm
S24,UttarPradesh,274,Bikapur,constituencywisesS24274.htm
S24,UttarPradesh,30,Bilari,constituencywisesS2430.htm
S24,UttarPradesh,36,Bilaspur,constituencywisesS2436.htm
S24,UttarPradesh,159,Bilgram-Mallanwan,constituencywisesS24159.htm
S24,UttarPradesh,209,Bilhaur,constituencywisesS24209.htm
S24,UttarPradesh,114,Bilsi,constituencywisesS24114.htm
S24,UttarPradesh,239,Bindki,constituencywisesS24239.htm
S24,UttarPradesh,130,Bisalpur,constituencywisesS24130.htm
S24,UttarPradesh,112,Bisauli,constituencywisesS24112.htm
S24,UttarPradesh,149,Biswan,constituencywisesS24149.htm
S24,UttarPradesh,123,BithariChainpur,constituencywisesS24123.htm
S24,UttarPradesh,210,Bithoor,constituencywisesS24210.htm
S24,UttarPradesh,11,Budhana,constituencywisesS2411.htm
S24,UttarPradesh,65,Bulandshahr,constituencywisesS2465.htm
S24,UttarPradesh,320,Caimpiyarganj,constituencywisesS24320.htm
S24,UttarPradesh,253,Chail,constituencywisesS24253.htm
S24,UttarPradesh,383,Chakia,constituencywisesS24383.htm
S24,UttarPradesh,35,Chamraua,constituencywisesS2435.htm
S24,UttarPradesh,31,Chandausi,constituencywisesS2431.htm
S24,UttarPradesh,23,Chandpur,constituencywisesS2423.htm
S24,UttarPradesh,231,Charkhari,constituencywisesS24231.htm
S24,UttarPradesh,12,Charthawal,constituencywisesS2412.htm
S24,UttarPradesh,326,Chauri-Chaura,constituencywisesS24326.htm
S24,UttarPradesh,395,Chhanbey,constituencywisesS24395.htm
S24,UttarPradesh,50,Chhaprauli,constituencywisesS2450.htm
S24,UttarPradesh,74,Chharra,constituencywisesS2474.htm
S24,UttarPradesh,81,Chhata,constituencywisesS2481.htm
S24,UttarPradesh,196,Chhibramau,constituencywisesS24196.htm
S24,UttarPradesh,328,Chillupar,constituencywisesS24328.htm
S24,UttarPradesh,236,Chitrakoot,constituencywisesS24236.htm
S24,UttarPradesh,398,Chunar,constituencywisesS24398.htm
S24,UttarPradesh,298,Colonelganj,constituencywisesS24298.htm
S24,UttarPradesh,136,Dadraul,constituencywisesS24136.htm
S24,UttarPradesh,62,Dadri,constituencywisesS2462.htm
S24,UttarPradesh,270,Dariyabad,constituencywisesS24270.htm
S24,UttarPradesh,117,Dataganj,constituencywisesS24117.htm
S24,UttarPradesh,68,Debai,constituencywisesS2468.htm
S24,UttarPradesh,5,Deoband,constituencywisesS245.htm
S24,UttarPradesh,337,Deoria,constituencywisesS24337.htm
S24,UttarPradesh,20,Dhampur,constituencywisesS2420.htm
S24,UttarPradesh,39,Dhanaura,constituencywisesS2439.htm
S24,UttarPradesh,314,Dhanghata,constituencywisesS24314.htm
S24,UttarPradesh,141,DHAURAHRA,constituencywisesS24141.htm
S24,UttarPradesh,58,Dholana,constituencywisesS2458.htm
S24,UttarPradesh,203,Dibiyapur,constituencywisesS24203.htm
S24,UttarPradesh,350,Didarganj,constituencywisesS24350.htm
S24,UttarPradesh,306,Doomariyaganj,constituencywisesS24306.htm
S24,UttarPradesh,403,Duddhi,constituencywisesS24403.htm
S24,UttarPradesh,104,Etah,constituencywisesS24104.htm
S24,UttarPradesh,200,Etawah,constituencywisesS24200.htm
S24,UttarPradesh,86,Etmadpur,constituencywisesS2486.htm
S24,UttarPradesh,122,Faridpur,constituencywisesS24122.htm
S24,UttarPradesh,194,Farrukhabad,constituencywisesS24194.htm
S24,UttarPradesh,93,Fatehabad,constituencywisesS2493.htm
S24,UttarPradesh,240,Fatehpur,constituencywisesS24240.htm
S24,UttarPradesh,91,FatehpurSikri,constituencywisesS2491.htm
S24,UttarPradesh,332,Fazilnagar,constituencywisesS24332.htm
S24,UttarPradesh,97,Firozabad,constituencywisesS2497.htm
S24,UttarPradesh,292,Gainsari,constituencywisesS24292.htm
S24,UttarPradesh,7,Gangoh,constituencywisesS247.htm
S24,UttarPradesh,225,Garautha,constituencywisesS24225.htm
S24,UttarPradesh,60,Garhmukteshwar,constituencywisesS2460.htm
S24,UttarPradesh,301,Gaura,constituencywisesS24301.htm
S24,UttarPradesh,185,Gauriganj,constituencywisesS24185.htm
S24,UttarPradesh,218,Ghatampur,constituencywisesS24218.htm
S24,UttarPradesh,56,Ghaziabad,constituencywisesS2456.htm
S24,UttarPradesh,375,Ghazipur,constituencywisesS24375.htm
S24,UttarPradesh,400,Ghorawal,constituencywisesS24400.htm
S24,UttarPradesh,354,Ghosi,constituencywisesS24354.htm
S24,UttarPradesh,139,GOLAGOKRANNATH,constituencywisesS24139.htm
S24,UttarPradesh,296,Gonda,constituencywisesS24296.htm
S24,UttarPradesh,344,Gopalpur,constituencywisesS24344.htm
S24,UttarPradesh,157,Gopamau,constituencywisesS24157.htm
S24,UttarPradesh,323,GorakhpurRural,constituencywisesS24323.htm
S24,UttarPradesh,322,GorakhpurUrban,constituencywisesS24322.htm
S24,UttarPradesh,276,Goshainganj,constituencywisesS24276.htm
S24,UttarPradesh,83,Goverdhan,constituencywisesS2483.htm
S24,UttarPradesh,212,Govindnagar,constituencywisesS24212.htm
S24,UttarPradesh,111,Gunnaur,constituencywisesS24111.htm
S24,UttarPradesh,393,Gyanpur,constituencywisesS24393.htm
S24,UttarPradesh,272,Haidergarh,constituencywisesS24272.htm
S24,UttarPradesh,228,Hamirpur,constituencywisesS24228.htm
S24,UttarPradesh,258,Handia,constituencywisesS24258.htm
S24,UttarPradesh,59,Hapur,constituencywisesS2459.htm
S24,UttarPradesh,179,Harchandpur,constituencywisesS24179.htm
S24,UttarPradesh,156,Hardoi,constituencywisesS24156.htm
S24,UttarPradesh,147,Hargaon,constituencywisesS24147.htm
S24,UttarPradesh,307,Harraiya,constituencywisesS24307.htm
S24,UttarPradesh,42,Hasanpur,constituencywisesS2442.htm
S24,UttarPradesh,45,Hastinapur,constituencywisesS2445.htm
S24,UttarPradesh,334,Hata,constituencywisesS24334.htm
S24,UttarPradesh,78,Hathras,constituencywisesS2478.htm
S24,UttarPradesh,242,Husainganj,constituencywisesS24242.htm
S24,UttarPradesh,77,Iglas,constituencywisesS2477.htm
S24,UttarPradesh,187,Isauli,constituencywisesS24187.htm
S24,UttarPradesh,305,Itwa,constituencywisesS24305.htm
S24,UttarPradesh,184,Jagdishpur,constituencywisesS24184.htm
S24,UttarPradesh,238,Jahanabad,constituencywisesS24238.htm
S24,UttarPradesh,373,Jakhanian,constituencywisesS24373.htm
S24,UttarPradesh,132,Jalalabad,constituencywisesS24132.htm
S24,UttarPradesh,280,Jalalpur,constituencywisesS24280.htm
S24,UttarPradesh,106,Jalesar,constituencywisesS24106.htm
S24,UttarPradesh,376,Jangipur,constituencywisesS24376.htm
S24,UttarPradesh,96,Jasrana,constituencywisesS2496.htm
S24,UttarPradesh,199,Jaswantnagar,constituencywisesS24199.htm
S24,UttarPradesh,366,Jaunpur,constituencywisesS24366.htm
S24,UttarPradesh,63,Jewar,constituencywisesS2463.htm
S24,UttarPradesh,223,JhansiNagar,constituencywisesS24223.htm
S24,UttarPradesh,191,Kadipur,constituencywisesS24191.htm
S24,UttarPradesh,192,Kaimganj,constituencywisesS24192.htm
S24,UttarPradesh,8,Kairana,constituencywisesS248.htm
S24,UttarPradesh,288,Kaiserganj,constituencywisesS24288.htm
S24,UttarPradesh,220,Kalpi,constituencywisesS24220.htm
S24,UttarPradesh,211,Kalyanpur,constituencywisesS24211.htm
S24,UttarPradesh,198,Kannauj,constituencywisesS24198.htm
S24,UttarPradesh,216,KanpurCantt.,constituencywisesS24216.htm
S24,UttarPradesh,25,Kanth,constituencywisesS2425.htm
S24,UttarPradesh,303,Kapilvastu,constituencywisesS24303.htm
S24,UttarPradesh,308,Kaptanganj,constituencywisesS24308.htm
S24,UttarPradesh,260,Karachhana,constituencywisesS24260.htm
S24,UttarPradesh,110,Karhal,constituencywisesS24110.htm
S24,UttarPradesh,100,Kasganj,constituencywisesS24100.htm
S24,UttarPradesh,143,KASTA,constituencywisesS24143.htm
S24,UttarPradesh,277,Katehari,constituencywisesS24277.htm
S24,UttarPradesh,131,Katra,constituencywisesS24131.htm
S24,UttarPradesh,297,KatraBazar,constituencywisesS24297.htm
S24,UttarPradesh,372,KerakatS.C.,constituencywisesS24372.htm
S24,UttarPradesh,329,Khadda,constituencywisesS24329.htm
S24,UttarPradesh,243,Khaga,constituencywisesS24243.htm
S24,UttarPradesh,71,Khair,constituencywisesS2471.htm
S24,UttarPradesh,325,Khajani,constituencywisesS24325.htm
S24,UttarPradesh,313,KHALILABAD,constituencywisesS24313.htm
S24,UttarPradesh,15,Khatauli,constituencywisesS2415.htm
S24,UttarPradesh,92,Kheragarh,constituencywisesS2492.htm
S24,UttarPradesh,70,Khurja,constituencywisesS2470.htm
S24,UttarPradesh,215,KIDWAINAGAR,constituencywisesS24215.htm
S24,UttarPradesh,109,Kishani(SC),constituencywisesS24109.htm
S24,UttarPradesh,46,Kithore,constituencywisesS2446.htm
S24,UttarPradesh,75,Koil,constituencywisesS2475.htm
S24,UttarPradesh,265,Koraon,constituencywisesS24265.htm
S24,UttarPradesh,246,Kunda,constituencywisesS24246.htm
S24,UttarPradesh,29,Kundarki,constituencywisesS2429.htm
S24,UttarPradesh,266,Kursi,constituencywisesS24266.htm
S24,UttarPradesh,333,Kushinagar,constituencywisesS24333.htm
S24,UttarPradesh,148,Laharpur,constituencywisesS24148.htm
S24,UttarPradesh,142,LAKHIMPUR,constituencywisesS24142.htm
S24,UttarPradesh,351,Lalganj,constituencywisesS24351.htm
S24,UttarPradesh,226,Lalitpur,constituencywisesS24226.htm
S24,UttarPradesh,190,Lambhua,constituencywisesS24190.htm
S24,UttarPradesh,53,Loni,constituencywisesS2453.htm
S24,UttarPradesh,175,LUCKNOWCANTT.,constituencywisesS24175.htm
S24,UttarPradesh,174,LucknowCentral,constituencywisesS24174.htm
S24,UttarPradesh,173,LucknowEast,constituencywisesS24173.htm
S24,UttarPradesh,172,LucknowNorth,constituencywisesS24172.htm
S24,UttarPradesh,171,LucknowWest,constituencywisesS24171.htm
S24,UttarPradesh,369,MachhlishahrS.C.,constituencywisesS24369.htm
S24,UttarPradesh,219,Madhaugarh,constituencywisesS24219.htm
S24,UttarPradesh,353,Madhuban,constituencywisesS24353.htm
S24,UttarPradesh,311,MahadewaS.C,constituencywisesS24311.htm
S24,UttarPradesh,318,Maharajganj,constituencywisesS24318.htm
S24,UttarPradesh,217,Maharajpur,constituencywisesS24217.htm
S24,UttarPradesh,285,Mahasi,constituencywisesS24285.htm
S24,UttarPradesh,151,Mahmoodabad,constituencywisesS24151.htm
S24,UttarPradesh,230,Mahoba,constituencywisesS24230.htm
S24,UttarPradesh,145,Maholi,constituencywisesS24145.htm
S24,UttarPradesh,107,Mainpuri,constituencywisesS24107.htm
S24,UttarPradesh,397,Majhawan,constituencywisesS24397.htm
S24,UttarPradesh,367,Malhani,constituencywisesS24367.htm
S24,UttarPradesh,168,Malihabad,constituencywisesS24168.htm
S24,UttarPradesh,237,Manikpur,constituencywisesS24237.htm
S24,UttarPradesh,252,Manjhanpur,constituencywisesS24252.htm
S24,UttarPradesh,300,Mankapur,constituencywisesS24300.htm
S24,UttarPradesh,82,Mant,constituencywisesS2482.htm
S24,UttarPradesh,105,Marhara,constituencywisesS24105.htm
S24,UttarPradesh,399,Marihan,constituencywisesS24399.htm
S24,UttarPradesh,370,Mariyahu,constituencywisesS24370.htm
S24,UttarPradesh,284,Matera,constituencywisesS24284.htm
S24,UttarPradesh,84,Mathura,constituencywisesS2484.htm
S24,UttarPradesh,356,Mau,constituencywisesS24356.htm
S24,UttarPradesh,224,Mauranipur,constituencywisesS24224.htm
S24,UttarPradesh,16,Meerapur,constituencywisesS2416.htm
S24,UttarPradesh,119,Meerganj,constituencywisesS24119.htm
S24,UttarPradesh,48,Meerut,constituencywisesS2448.htm
S24,UttarPradesh,47,MeerutCantt.,constituencywisesS2447.htm
S24,UttarPradesh,49,MeerutSouth,constituencywisesS2449.htm
S24,UttarPradesh,352,Mehnagar,constituencywisesS24352.htm
S24,UttarPradesh,295,Mehnaun,constituencywisesS24295.htm
S24,UttarPradesh,227,Mehroni,constituencywisesS24227.htm
S24,UttarPradesh,259,Meja,constituencywisesS24259.htm
S24,UttarPradesh,312,MENHDAWAL,constituencywisesS24312.htm
S24,UttarPradesh,38,Milak,constituencywisesS2438.htm
S24,UttarPradesh,273,Milkipur,constituencywisesS24273.htm
S24,UttarPradesh,396,Mirzapur,constituencywisesS24396.htm
S24,UttarPradesh,153,Misrikh,constituencywisesS24153.htm
S24,UttarPradesh,57,ModiNagar,constituencywisesS2457.htm
S24,UttarPradesh,378,Mohammadabad,constituencywisesS24378.htm
S24,UttarPradesh,144,MOHAMMDI,constituencywisesS24144.htm
S24,UttarPradesh,164,Mohan,constituencywisesS24164.htm
S24,UttarPradesh,176,Mohanlalganj,constituencywisesS24176.htm
S24,UttarPradesh,28,MoradabadNagar,constituencywisesS2428.htm
S24,UttarPradesh,27,MoradabadRural,constituencywisesS2427.htm
S24,UttarPradesh,346,Mubarakpur,constituencywisesS24346.htm
S24,UttarPradesh,380,Mughalsarai,constituencywisesS24380.htm
S24,UttarPradesh,355,Muhammadabad-Gohna(SC),constituencywisesS24355.htm
S24,UttarPradesh,368,MungraBadshahpur,constituencywisesS24368.htm
S24,UttarPradesh,54,Muradnagar,constituencywisesS2454.htm
S24,UttarPradesh,14,MuzaffarNagar,constituencywisesS2414.htm
S24,UttarPradesh,18,Nagina,constituencywisesS2418.htm
S24,UttarPradesh,17,Najibabad,constituencywisesS2417.htm
S24,UttarPradesh,2,Nakur,constituencywisesS242.htm
S24,UttarPradesh,283,Nanpara,constituencywisesS24283.htm
S24,UttarPradesh,234,Naraini,constituencywisesS24234.htm
S24,UttarPradesh,40,NaugawanSadat,constituencywisesS2440.htm
S24,UttarPradesh,316,Nautanwa,constituencywisesS24316.htm
S24,UttarPradesh,121,Nawabganj,constituencywisesS24121.htm
S24,UttarPradesh,21,Nehtaur,constituencywisesS2421.htm
S24,UttarPradesh,138,NIGHASAN,constituencywisesS24138.htm
S24,UttarPradesh,348,Nizamabad,constituencywisesS24348.htm
S24,UttarPradesh,61,Noida,constituencywisesS2461.htm
S24,UttarPradesh,24,Noorpur,constituencywisesS2424.htm
S24,UttarPradesh,402,Obra,constituencywisesS24402.htm
S24,UttarPradesh,221,Orai,constituencywisesS24221.htm
S24,UttarPradesh,330,Padrauna,constituencywisesS24330.htm
S24,UttarPradesh,137,PALIA,constituencywisesS24137.htm
S24,UttarPradesh,319,Paniyara,constituencywisesS24319.htm
S24,UttarPradesh,338,Pathardeva,constituencywisesS24338.htm
S24,UttarPradesh,102,Patiyali,constituencywisesS24102.htm
S24,UttarPradesh,249,Patti,constituencywisesS24249.htm
S24,UttarPradesh,287,Payagpur,constituencywisesS24287.htm
S24,UttarPradesh,254,Phaphamau,constituencywisesS24254.htm
S24,UttarPradesh,315,Pharenda,constituencywisesS24315.htm
S24,UttarPradesh,360,Phephana,constituencywisesS24360.htm
S24,UttarPradesh,349,PhoolpurPawai,constituencywisesS24349.htm
S24,UttarPradesh,256,Phulpur,constituencywisesS24256.htm
S24,UttarPradesh,127,Pilibhit,constituencywisesS24127.htm
S24,UttarPradesh,384,Pindra,constituencywisesS24384.htm
S24,UttarPradesh,321,Pipraich,constituencywisesS24321.htm
S24,UttarPradesh,134,Powayan,constituencywisesS24134.htm
S24,UttarPradesh,248,Pratapgarh,constituencywisesS24248.htm
S24,UttarPradesh,257,Pratappur,constituencywisesS24257.htm
S24,UttarPradesh,129,Puranpur,constituencywisesS24129.htm
S24,UttarPradesh,13,Purqazi,constituencywisesS2413.htm
S24,UttarPradesh,167,Purwa,constituencywisesS24167.htm
S24,UttarPradesh,180,RaeBareli,constituencywisesS24180.htm
S24,UttarPradesh,267,RamNagar,constituencywisesS24267.htm
S24,UttarPradesh,335,Ramkola,constituencywisesS24335.htm
S24,UttarPradesh,37,Rampur,constituencywisesS2437.htm
S24,UttarPradesh,339,RampurKarkhana,constituencywisesS24339.htm
S24,UttarPradesh,244,RampurKhas,constituencywisesS24244.htm
S24,UttarPradesh,6,RampurManiharan,constituencywisesS246.htm
S24,UttarPradesh,250,Raniganj,constituencywisesS24250.htm
S24,UttarPradesh,358,Rasara,constituencywisesS24358.htm
S24,UttarPradesh,205,Rasulabad,constituencywisesS24205.htm
S24,UttarPradesh,229,Rath,constituencywisesS24229.htm
S24,UttarPradesh,401,Robertsganj,constituencywisesS24401.htm
S24,UttarPradesh,387,Rohaniya,constituencywisesS24387.htm
S24,UttarPradesh,271,Rudauli,constituencywisesS24271.htm
S24,UttarPradesh,309,Rudhauli,constituencywisesS24309.htm
S24,UttarPradesh,336,Rudrapur,constituencywisesS24336.htm
S24,UttarPradesh,79,Sadabad,constituencywisesS2479.htm
S24,UttarPradesh,189,Sadar,constituencywisesS24189.htm
S24,UttarPradesh,163,Safipur,constituencywisesS24163.htm
S24,UttarPradesh,345,Sagri,constituencywisesS24345.htm
S24,UttarPradesh,324,Sahajanwa,constituencywisesS24324.htm
S24,UttarPradesh,4,Saharanpur,constituencywisesS244.htm
S24,UttarPradesh,3,SaharanpurNagar,constituencywisesS243.htm
S24,UttarPradesh,113,Sahaswan,constituencywisesS24113.htm
S24,UttarPradesh,55,Sahibabad,constituencywisesS2455.htm
S24,UttarPradesh,374,Saidpur,constituencywisesS24374.htm
S24,UttarPradesh,382,Saiyadraja,constituencywisesS24382.htm
S24,UttarPradesh,381,Sakaldiha,constituencywisesS24381.htm
S24,UttarPradesh,341,Salempur,constituencywisesS24341.htm
S24,UttarPradesh,181,Salon,constituencywisesS24181.htm
S24,UttarPradesh,33,Sambhal,constituencywisesS2433.htm
S24,UttarPradesh,158,Sandi,constituencywisesS24158.htm
S24,UttarPradesh,161,Sandila,constituencywisesS24161.htm
S24,UttarPradesh,44,Sardhana,constituencywisesS2444.htm
S24,UttarPradesh,182,Sareni,constituencywisesS24182.htm
S24,UttarPradesh,170,SarojiniNagar,constituencywisesS24170.htm
S24,UttarPradesh,154,Sawaijpur,constituencywisesS24154.htm
S24,UttarPradesh,391,Sevapuri,constituencywisesS24391.htm
S24,UttarPradesh,150,Sevata,constituencywisesS24150.htm
S24,UttarPradesh,155,Shahabad,constituencywisesS24155.htm
S24,UttarPradesh,365,Shahganj,constituencywisesS24365.htm
S24,UttarPradesh,135,Shahjahanpur,constituencywisesS24135.htm
S24,UttarPradesh,10,Shamli,constituencywisesS2410.htm
S24,UttarPradesh,116,Shekhupur,constituencywisesS24116.htm
S24,UttarPradesh,69,Shikarpur,constituencywisesS2469.htm
S24,UttarPradesh,98,Shikohabad,constituencywisesS2498.htm
S24,UttarPradesh,386,Shivpur,constituencywisesS24386.htm
S24,UttarPradesh,302,Shohratgarh,constituencywisesS24302.htm
S24,UttarPradesh,290,Shrawasti,constituencywisesS24290.htm
S24,UttarPradesh,152,Sidhauli,constituencywisesS24152.htm
S24,UttarPradesh,359,Sikanderpur,constituencywisesS24359.htm
S24,UttarPradesh,207,Sikandra,constituencywisesS24207.htm
S24,UttarPradesh,80,SikandraRao,constituencywisesS2480.htm
S24,UttarPradesh,64,Sikandrabad,constituencywisesS2464.htm
S24,UttarPradesh,251,Sirathu,constituencywisesS24251.htm
S24,UttarPradesh,99,Sirsaganj,constituencywisesS2499.htm
S24,UttarPradesh,213,Sishamau,constituencywisesS24213.htm
S24,UttarPradesh,317,Siswa,constituencywisesS24317.htm
S24,UttarPradesh,146,Sitapur,constituencywisesS24146.htm
S24,UttarPradesh,43,Siwalkhas,constituencywisesS2443.htm
S24,UttarPradesh,255,Soraon,constituencywisesS24255.htm
S24,UttarPradesh,140,SRINAGAR,constituencywisesS24140.htm
S24,UttarPradesh,34,Suar,constituencywisesS2434.htm
S24,UttarPradesh,188,Sultanpur,constituencywisesS24188.htm
S24,UttarPradesh,66,Syana,constituencywisesS2466.htm
S24,UttarPradesh,331,TamkuhiRaj,constituencywisesS24331.htm
S24,UttarPradesh,278,Tanda,constituencywisesS24278.htm
S24,UttarPradesh,299,Tarabganj,constituencywisesS24299.htm
S24,UttarPradesh,26,Thakurdwara,constituencywisesS2426.htm
S24,UttarPradesh,9,ThanaBhawan,constituencywisesS249.htm
S24,UttarPradesh,133,Tilhar,constituencywisesS24133.htm
S24,UttarPradesh,178,Tiloi,constituencywisesS24178.htm
S24,UttarPradesh,232,Tindwari,constituencywisesS24232.htm
S24,UttarPradesh,197,Tirwa,constituencywisesS24197.htm
S24,UttarPradesh,291,Tulsipur,constituencywisesS24291.htm
S24,UttarPradesh,95,Tundla,constituencywisesS2495.htm
S24,UttarPradesh,183,Unchahar,constituencywisesS24183.htm
S24,UttarPradesh,165,Unnao,constituencywisesS24165.htm
S24,UttarPradesh,293,Utraula,constituencywisesS24293.htm
S24,UttarPradesh,390,VaranasiCantt.,constituencywisesS24390.htm
S24,UttarPradesh,388,VaranasiNorth,constituencywisesS24388.htm
S24,UttarPradesh,389,VaranasiSouth,constituencywisesS24389.htm
S24,UttarPradesh,247,Vishwanathganj,constituencywisesS24247.htm
S24,UttarPradesh,371,Zafrabad,constituencywisesS24371.htm
S24,UttarPradesh,377,Zahoorabad,constituencywisesS24377.htm
S24,UttarPradesh,269,Zaidpur,constituencywisesS24269.htm
S24,UttarPradesh,379,Zamania,constituencywisesS24379.htm
S28,Uttarakhand,52,Almora,constituencywisesS2852.htm
S28,Uttarakhand,26,B.H.E.L.ranipur,constituencywisesS2826.htm
S28,Uttarakhand,4,Badrinath,constituencywisesS284.htm
S28,Uttarakhand,47,Bageshwar,constituencywisesS2847.htm
S28,Uttarakhand,64,Bajpur,constituencywisesS2864.htm
S28,Uttarakhand,28,Bhagwanpur,constituencywisesS2828.htm
S28,Uttarakhand,57,Bhimtal,constituencywisesS2857.htm
S28,Uttarakhand,15,Chakrata,constituencywisesS2815.htm
S28,Uttarakhand,55,Champawat,constituencywisesS2855.htm
S28,Uttarakhand,39,Chaubattakhal,constituencywisesS2839.htm
S28,Uttarakhand,21,DehradunCantt.,constituencywisesS2821.htm
S28,Uttarakhand,10,Devprayag,constituencywisesS2810.htm
S28,Uttarakhand,14,Dhanolti,constituencywisesS2814.htm
S28,Uttarakhand,18,Dharampur,constituencywisesS2818.htm
S28,Uttarakhand,42,Dharchula,constituencywisesS2842.htm
S28,Uttarakhand,43,Didihat,constituencywisesS2843.htm
S28,Uttarakhand,23,Doiwala,constituencywisesS2823.htm
S28,Uttarakhand,48,Dwarahat,constituencywisesS2848.htm
S28,Uttarakhand,65,Gadarpur,constituencywisesS2865.htm
S28,Uttarakhand,45,Gangolihat,constituencywisesS2845.htm
S28,Uttarakhand,3,Gangotri,constituencywisesS283.htm
S28,Uttarakhand,9,Ghanshali,constituencywisesS289.htm
S28,Uttarakhand,59,Haldwani,constituencywisesS2859.htm
S28,Uttarakhand,25,Hardwar,constituencywisesS2825.htm
S28,Uttarakhand,35,HardwarRural,constituencywisesS2835.htm
S28,Uttarakhand,53,Jageshwar,constituencywisesS2853.htm
S28,Uttarakhand,62,Jaspur,constituencywisesS2862.htm
S28,Uttarakhand,29,Jhabrera,constituencywisesS2829.htm
S28,Uttarakhand,27,Jwalapur,constituencywisesS2827.htm
S28,Uttarakhand,60,Kaladhungi,constituencywisesS2860.htm
S28,Uttarakhand,46,Kapkot,constituencywisesS2846.htm
S28,Uttarakhand,6,Karnprayag,constituencywisesS286.htm
S28,Uttarakhand,63,Kashipur,constituencywisesS2863.htm
S28,Uttarakhand,7,Kedarnath,constituencywisesS287.htm
S28,Uttarakhand,32,Khanpur,constituencywisesS2832.htm
S28,Uttarakhand,70,Khatima,constituencywisesS2870.htm
S28,Uttarakhand,67,Kichha,constituencywisesS2867.htm
S28,Uttarakhand,41,Kotdwar,constituencywisesS2841.htm
S28,Uttarakhand,34,Laksar,constituencywisesS2834.htm
S28,Uttarakhand,56,Lalkuwa,constituencywisesS2856.htm
S28,Uttarakhand,40,Lansdowne,constituencywisesS2840.htm
S28,Uttarakhand,54,Lohaghat,constituencywisesS2854.htm
S28,Uttarakhand,33,Manglore,constituencywisesS2833.htm
S28,Uttarakhand,22,Mussoorie,constituencywisesS2822.htm
S28,Uttarakhand,58,Nainital,constituencywisesS2858.htm
S28,Uttarakhand,69,Nanakmatta,constituencywisesS2869.htm
S28,Uttarakhand,11,Narendranagar,constituencywisesS2811.htm
S28,Uttarakhand,37,Pauri,constituencywisesS2837.htm
S28,Uttarakhand,30,Pirankaliyar,constituencywisesS2830.htm
S28,Uttarakhand,44,Pithoragarh,constituencywisesS2844.htm
S28,Uttarakhand,12,Pratapnagar,constituencywisesS2812.htm
S28,Uttarakhand,1,Purola,constituencywisesS281.htm
S28,Uttarakhand,19,Raipur,constituencywisesS2819.htm
S28,Uttarakhand,20,RajpurRoad,constituencywisesS2820.htm
S28,Uttarakhand,61,Ramnagar,constituencywisesS2861.htm
S28,Uttarakhand,50,Ranikhet,constituencywisesS2850.htm
S28,Uttarakhand,24,Rishikesh,constituencywisesS2824.htm
S28,Uttarakhand,31,Roorkee,constituencywisesS2831.htm
S28,Uttarakhand,8,Rudraprayag,constituencywisesS288.htm
S28,Uttarakhand,66,Rudrapur,constituencywisesS2866.htm
S28,Uttarakhand,17,Sahaspur,constituencywisesS2817.htm
S28,Uttarakhand,49,Salt,constituencywisesS2849.htm
S28,Uttarakhand,68,Sitarganj,constituencywisesS2868.htm
S28,Uttarakhand,51,Someshwar(s.c.),constituencywisesS2851.htm
S28,Uttarakhand,38,Srinagar,constituencywisesS2838.htm
S28,Uttarakhand,13,Tehri,constituencywisesS2813.htm
S28,Uttarakhand,5,Tharali,constituencywisesS285.htm
S28,Uttarakhand,16,Vikasnagar,constituencywisesS2816.htm
S28,Uttarakhand,36,Yamkeshwar,constituencywisesS2836.htm
S28,Uttarakhand,2,Yamunotri,constituencywisesS282.htm
